state,county,census_county_fips
MS,Pike,28113
CA,San Bernardino,06071
AZ,Pima,04019
WI,Rock,55105
CT,Hartford,09110
WA,Snohomish,53061
TN,Cocke,47029
PA,Allegheny,42003
NC,Beaufort,37013
FL,Hillsborough,12057
SC,York,45091
KY,Marshall,21157
GA,Floyd,13115
WI,Waukesha,55133
WV,Pocahontas,54075
NY,New York,36061
IA,Pocahontas,19151
NY,Westchester,36119
MO,Linn,29115
IL,Ford,17053
PA,Potter,42105
TN,Warren,47177
MN,Sherburne,27141
OH,Trumbull,39155
LA,St. Landry,22097
NH,Hillsborough,33011
TX,Bowie,48037
OK,Oklahoma,40109
CA,Marin,06041
CA,Los Angeles,06037
TX,Denton,48121
FL,Miami-Dade,12086
NH,Grafton,33009
NC,Gaston,37071
MI,Macomb,26099
TN,Coffee,47031
NJ,Monmouth,34025
TX,Dallas,48113
MA,Norfolk,25021
CO,Teller,08119
OH,Ashtabula,39007
NM,Grant,35017
FL,Lee,12071
GA,DeKalb,13089
IN,Hancock,18059
IL,Fulton,17057
KS,Rooks,20163
CA,Monterey,06053
MD,Prince Georges,24033
MN,Mower,27099
KY,Rockcastle,21203
WA,Klickitat,53039
NY,Delaware,36025
NV,Clark,32003
MS,Washington,28151
IA,Polk,19153
ND,Grand Forks,38035
PA,Northampton,42077
TX,Tarrant,48439
GA,Gwinnett,13135
CO,Baca,08009
TX,Eastland,48133
SD,Lawrence,46081
SC,Dorchester,45035
MA,Middlesex,25017
NC,Avery,37011
AZ,Maricopa,04013
PA,Westmoreland,42129
NE,Seward,31159
MI,Kalamazoo,26077
VA,Prince William,51153
IL,McHenry,17111
CA,Tulare,06107
UT,Davis,49011
IL,Jersey,17083
DE,Sussex,10005
OH,Fayette,39047
LA,Jefferson,22071
KY,Franklin,21073
MI,Genesee,26049
MO,Atchison,29005
TX,Comal,48091
NE,Phelps,31137
CA,Orange,06059
TX,Montgomery,48339
IL,Cook,17031
TX,Bexar,48029
SC,Kershaw,45055
OH,Lucas,39095
MN,Watonwan,27165
IN,Marion,18097
FL,Escambia,12033
MO,Lincoln,29113
MO,Butler,29023
CA,Santa Clara,06085
IA,Polk,19049
IA,Pottawattamie,19155
PA,Washington,42125
FL,Alachua,12001
PA,Schuylkill,42107
KY,Bourbon,21017
MN,Stearns,27145
LA,Orleans,22071
IN,Elkhart,18039
OK,Cimarron,40025
WA,Okanogan,53047
IN,Hendricks,18063
LA,Webster,22119
IA,Plymouth,19149
TX,Hays,48209
PA,Lancaster,42071
CO,Larimer,08069
CO,La Plata,08067
WI,Dane,55025
ID,Madison,16065
NM,Los Alamos,35028
MO,Macon,29121
MN,Itasca,27061
OH,Richland,39139
NJ,Morris,34027
IA,Harrison,19085
MS,Marshall,28093
LA,St. Tammany,22103
KS,Wyandotte,20209
OK,Osage,40113
AL,Barbour,01005
GA,Newton,13217
MS,Leake,28079
TN,Rutherford,47149
WI,Milwaukee,55079
CA,Santa Barbara,06083
AL,Houston,01069
CA,Placer,06061
KY,Jefferson,21111
MS,Rankin,28121
AL,Etowah,01055
GA,Chatham,13051
IN,Lake,18089
NE,Boone,31011
AL,Lawrence,01079
MD,Worcester,24047
MD,Wicomico,24045
FL,Lake,12069
MS,Simpson,28127
ND,Bottineau,38009
MO,Boone,29019
FL,DeSoto,12027
AR,Polk,05113
IN,Madison,18095
TX,Harris,48201
TX,Travis,48453
NJ,Burlington,34005
NH,Merrimack,33013
GA,Decatur,13087
KS,Wilson,20205
IA,Clayton,19043
TX,Hill,48309
IA,Shelby,19165
MN,Nobles,27105
CT,Fairfield,09120
MT,Flathead,30029
NE,Dawson,31047
OH,Montgomery,39113
NE,Chase,31029
LA,Allen,22003
OK,Cleveland,40027
MO,Vernon,29217
VA,Fairfax,51059
PA,Erie,42049
VA,Bedford,51019
MS,Lamar,28073
WV,Brooke,54009
KS,Neosho,20133
SC,Horry,45051
MS,Jasper,28061
CA,Riverside,06065
OK,Dewey,40043
MI,Van Buren,26159
VA,Richmond,51760
ME,Hancock,23009
LA,Rapides,22079
NV,Pershing,32027
ND,Cavalier,38019
NC,Burke,37023
MI,Oakland,26125
NY,Kings,36047
WA,King,53033
LA,St. Helena,22091
CA,Napa,06055
CO,Broomfield,08059
IL,Marion,17121
NE,Nance,31125
WV,Cabell,54011
ND,Adams,38001
MA,Bristol,25005
SD,Codington,46029
KS,Johnson,20091
KS,Russell,20167
NY,Suffolk,36103
NY,Monroe,36055
MT,Pondera,30073
KS,Barton,20009
MS,Lauderdale,28075
FL,Palm Beach,12099
PA,Montour,42093
ND,Traill,38097
IL,Livingston,17105
OH,Defiance,39039
IL,Lake,17097
OH,Hamilton,39113
KY,Kenton,21117
LA,Evangeline,22039
OH,Lawrence,39087
AL,Jefferson,01073
MA,Suffolk,25025
GA,Dougherty,13095
MS,Warren,28149
OK,Blaine,40011
IL,Winnebago,17201
NY,Chautauqua,36013
NC,Mecklenburg,37119
IL,Kane,17089
PA,Bucks,42017
MT,Prairie,30079
CA,Inyo,06027
OH,Cuyahoga,39035
NJ,Hunterdon,34019
AR,Garland,05051
AZ,Yavapai,04025
WY,Carbon,56007
MA,Worcester,25027
TX,Trinity,48455
SC,Horry,45043
NY,Orleans,36073
VA,Loudoun,51107
MA,Berkshire,25003
TX,Rusk,48401
MI,Mecosta,26107
KS,Montgomery,20125
IN,La Porte,18091
GA,Cook,13075
ID,Kootenai,16055
IL,Lee,17103
ME,York,23031
NJ,Mercer,36061
UT,Duchesne,49013
NC,Moore,37125
DE,Kent,10001
MS,Harrison,28047
KY,Taylor,21217
AR,Scott,05127
IA,Adams,19003
IA,Appanoose,19007
NC,New Hanover,37129
MO,Marion,29127
GA,Bartow,13015
TX,Bee,48025
CA,San Joaquin,06077
CA,Sonoma,06097
CO,El Paso,08041
IL,De Witt,17039
KY,Hardin,21093
SC,Spartanburg,45083
LA,Calcasieu,22019
CO,Adams,08001
KS,Franklin,20059
TX,Collin,48085
PA,Lawrence,42073
GA,Gordon,13129
GA,Muscogee,13215
OH,Franklin,39049
AL,Marengo,01091
WI,Fond du Lac,55039
MT,Meagher,30059
SC,Greenville,45045
KS,Sumner,20191
TX,Webb,48479
NC,Davidson,37057
LA,Jefferson,22051
MT,Yellowstone,30111
CA,Fresno,06019
TX,Tyler,48457
IA,Dubuque,19061
AL,Tuscaloosa,01125
PA,Mercer,42085
CO,Broomfield,08014
OH,Butler,39017
FL,Pinellas,12103
MI,Wayne,26163
TX,Bastrop,48053
FL,Broward,12011
CA,Merced,06047
TX,El Paso,48141
TX,Frio,48163
PA,Luzerne,42079
MS,Bolivar,28011
MN,Kittson,27069
CA,Ventura,06111
MO,Jackson,29095
GA,Coffee,13069
NY,Erie,36029
UT,Grand,49019
WA,Whitman,53075
GA,Worth,13321
NC,Stokes,37169
MD,Frederick,24021
FL,Orange,12095
CA,Nevada,06057
TX,Nacogdoches,48347
NY,Dutchess,36027
PA,Montgomery,42091
KY,Pulaski,21199
NM,Lea,35025
OK,Rogers,40131
WA,Benton,53005
IL,Fayette,17051
TN,Bledsoe,47007
OR,Hood River,41027
WI,Washburn,55129
CA,Sacramento,06067
NY,Otsego,36077
AZ,Coconino,04005
MO,Carroll,29033
LA,Caddo,22017
AL,Colbert,01033
ND,Emmons,38029
MD,Washington,24043
CO,Conejos,08021
NJ,Essex,34013
HI,Honolulu,15003
WI,Eau Claire,55035
NE,Morrill,31123
AL,Clarke,01091
OK,Bryan,40013
NY,Montgomery,36057
OK,Love,40085
KS,Cowley,20035
KY,Madison,21151
WI,Grant,55043
WI,Winnebago,55139
MO,St. Louis,29189
SD,Pennington,46103
PA,Cumberland,42041
OH,Scioto,39145
NC,Wilkes,37193
SD,Lincoln,46083
TX,Gregg,48183
IL,Jefferson,17081
IN,Putnam,18133
PA,Philadelphia,42101
CA,Imperial,06025
WI,Pepin,55091
NV,Washoe,32031
NC,Johnston,37101
NE,Pawnee,31133
IN,Fulton,18049
TX,Ellis,48139
OK,Washington,40147
NC,Henderson,37089
MS,Copiah,28029
TN,Knox,47093
OK,Cherokee,40021
LA,Acadia,22001
NY,Bronx,36061
SD,Minnehaha,46099
NY,Bronx,36005
TX,Limestone,48293
PA,Franklin,42055
GA,Hall,13139
NY,Nassau,36059
KS,Jefferson,20087
OK,Hughes,40063
CO,Rio Blanco,08103
WI,Langlade,55067
OK,Johnston,40069
ME,Cumberland,23005
NJ,Union,34039
UT,Juab,49023
KS,Ellis,20051
TX,Colorado,48089
CA,San Diego,06073
KY,Floyd,21071
LA,St. James,22093
MI,Baraga,26013
NH,Cheshire,33005
AL,Conecuh,01035
CA,San Francisco,06075
NC,Iredell,37097
WV,Putnam,54079
WV,Taylor,54091
IN,Washington,18175
IL,Lawrence,17101
MN,Goodhue,27049
TX,Randall,48381
IL,DeKalb,17037
NY,St. Lawrence,36089
TX,Somervell,48425
TX,Lamar,48277
TX,Williamson,48491
VA,Henrico,51075
MA,Hampden,25013
UT,Utah,49049
TX,Bell,48027
KY,Breckinridge,21027
TX,Nueces,48355
FL,Citrus,12017
IA,Kossuth,19109
OH,Champaign,39021
WI,Marathon,55073
KS,Cheyenne,20023
MN,Pipestone,27117
IL,Christian,17021
OR,Coos,41011
OH,Hamilton,39061
NY,Broome,36007
NJ,Middlesex,34023
AL,Talladega,01121
MO,Clay,29047
LA,St. Charles,22089
CO,Grand,08049
KY,Adair,21001
AR,Yell,05149
TX,Grayson,48181
TX,Wichita,48485
TX,Austin,48453
IN,Grant,18053
AZ,Yuma,04027
AL,Mobile,01097
OH,Allen,39003
NY,Allegany,36003
WY,Weston,56045
NM,Cibola,35006
OK,Creek,40037
FL,Volusia,12127
DC,District of Columbia,11001
CA,Stanislaus,06099
TX,Wood,48499
KY,Whitley,21235
AL,Shelby,01117
MS,Tippah,28139
ND,Mountrail,38061
IN,White,18181
KY,Fayette,21067
NE,Douglas,31055
LA,East Baton Rouge,22033
VA,Lancaster,51103
AL,Autauga,01001
PA,Lycoming,42081
TN,Davidson,47037
TX,Bailey,48017
CA,Alameda,06001
MI,Saginaw,26145
WI,St. Croix,55109
OR,Deschutes,41017
LA,Lafayette,22055
MI,Clinton,26037
CA,Del Norte,06015
ID,Benewah,16009
MD,Charles,24017
NE,Hall,31079
FL,Brevard,12009
MN,Blue Earth,27013
NC,Harnett,37085
NC,Scotland,37165
LA,Ascension,22005
NE,Saunders,31155
NC,Nash,37127
ID,Shoshone,16079
TN,Washington,47179
MN,Cottonwood,27033
IN,Hamilton,18057
TX,Fisher,48151
WI,Columbia,55021
TX,Smith,48423
HI,Hawaii,15001
CA,Butte,06007
WV,Boone,54005
ND,Bowman,38011
PA,Adams,42001
MN,Rice,27037
NC,Pitt,37147
NY,Onondaga,36067
IN,Vigo,18167
NY,Queens,36081
VA,Chesapeake,51550
MO,St. Louis,29510
NE,Rock,31149
AZ,Cochise,04003
SD,Union,46127
MT,Cascade,30013
IL,Jo Daviess,17085
VA,Lexington,51678
VA,Smyth,51173
ND,McIntosh,38051
NC,Chowan,37041
WI,Ozaukee,55089
LA,Franklin,22041
OH,Clark,39023
OK,Major,40093
AR,Washington,05143
VA,Suffolk,51800
NM,Socorro,35053
OK,Murray,40099
TN,Madison,47113
MN,Carver,27019
WA,Thurston,53067
CO,Arapahoe,08005
VA,Virginia Beach,51710
WI,Dunn,55033
AZ,Pinal,04021
AL,Sumter,01119
UT,Wasatch,49051
IL,St. Clair,17163
FL,Sarasota,12115
PA,Columbia,42037
GA,Dodge,13091
IN,Allen,18003
WV,McDowell,54047
IL,Randolph,17157
VA,Portsmouth,51740
TX,Brown,48049
KS,McPherson,20113
NH,Strafford,33017
WV,Monongalia,54061
NJ,Mercer,34021
NM,Roosevelt,35041
WI,Barron,55005
NC,Duplin,37061
MT,Lincoln,30053
IA,Benton,19011
GA,Greene,13133
TX,Hemphill,48211
OK,Tulsa,40143
LA,LaSalle,22059
MA,Essex,25009
TX,Brewster,48043
KS,Shawnee,20177
NY,Schenectady,36093
MI,Sanilac,26151
VA,Essex,51057
ME,Aroostook,23003
OH,Ohio,39013
CT,Fairfield,09190
NE,Otoe,31131
WI,Outagamie,55087
MI,Montcalm,26117
NY,Rockland,36087
ID,Idaho,16049
WY,Crook,56011
UT,Salt Lake,49035
MN,Roseau,27135
GA,Toombs,13279
MI,Emmet,26047
TX,Young,48503
FL,Baker,12003
GA,Cherokee,13057
MO,Randolph,29175
OR,Clackamas,41005
WY,Lincoln,56023
AL,Montgomery,01101
CO,Phillips,08095
OH,Huron,39077
AR,White,05145
CA,Modoc,06049
NE,Knox,31107
NE,Lancaster,31109
IL,Saint Clair,17163
ID,Ada,16001
ID,Bonneville,16019
IN,Knox,18083
OH,Clinton,39027
OK,Comanche,40031
IN,Noble,18113
CA,Solano,06095
VA,Accomack,51001
CA,Contra Costa,06013
KS,Decatur,20039
NC,Cabarrus,37025
TX,Martin,48317
MI,Marquette,26103
AL,Calhoun,01015
IN,Kosciusko,18085
CT,New Haven,09170
NC,Surry,37171
NY,Albany,36001
NC,Brunswick,37019
OR,Lane,41039
AK,Ketchikan Gateway,02130
OH,Jackson,39079
MD,Baltimore,24510
KY,Russell,21207
AR,Columbia,05027
WY,Campbell,56005
AR,Logan,05083
OK,Pontotoc,40123
WV,Kanawha,54039
IL,Schuyler,17169
VA,Newport News,51700
IA,Fayette,19065
FL,Manatee,12081
PA,Dauphin,42043
MI,Kalkaska,26079
FL,Seminole,12117
NE,Sarpy,31153
SC,Sumter,45085
ID,Latah,16057
TX,Harris,48339
OH,Jefferson,39081
NJ,Passaic,34031
AR,Craighead,05031
NY,Herkimer,36043
AL,Choctaw,01023
SD,Fall River,46047
TX,Reeves,48389
AL,Geneva,01061
FL,Martin,12085
AR,Cleburne,05023
LA,Morehouse,22067
NM,Sandoval,35043
WV,Jackson,54035
ND,Cass,38017
FL,Polk,12105
WA,Pierce,53053
TX,Hartley,48205
IL,Champaign,17019
FL,Osceola,12097
MS,Coahoma,28027
MS,Scott,28123
AL,Franklin,01059
MI,Washtenaw,26161
RI,Providence,44007
IA,Des Moines,19057
ND,Pembina,38067
TN,Shelby,47157
LA,Tangipahoa,22105
WI,Monroe,55081
GA,McDuffie,13189
GA,Thomas,13275
SC,Edgefield,45037
WA,Yakima,53077
FL,Duval,12031
PA,Lackawanna,42069
PA,Blair,42013
IL,Sangamon,17167
OH,Marion,39101
MO,Scotland,29199
MS,Wayne,28153
IL,Will,17197
VA,Russell,51167
KY,Lincoln,21137
VT,Rutland,50021
FL,Collier,12021
GA,Walton,13297
KS,Ford,20057
WA,Lewis,53041
KY,Lawrence,21127
SD,Lake,46079
MI,Crawford,26039
NE,Buffalo,31019
NC,Bertie,37015
CA,Shasta,06089
SC,Clarendon,45027
NE,Jefferson,31095
MO,Ray,29177
NY,Ontario,36069
IN,Monroe,18105
SC,Charleston,45019
KS,Graham,20065
LA,St. Martin,22099
MN,Lincoln,27081
NC,Macon,37113
ID,Caribou,16029
AL,Lee,01081
AL,Morgan,01103
IN,Floyd,18043
IA,Palo Alto,19147
WA,Chelan,53007
TX,Fort Bend,48157
PA,Wayne,42127
IA,Wright,19197
AZ,Navajo,04017
CO,Sedgwick,08115
WI,Polk,55095
IN,Howard,18067
NY,Oswego,36075
KY,Clinton,21053
CO,Boulder,08013
MO,Pemiscot,29155
MO,Cape Girardeau,29031
KS,Wichita,20203
ID,Gooding,16047
MS,Stone,28131
WY,Uinta,56041
TX,Cochran,48079
IL,Vermilion,17183
AL,Walker,01127
TN,Bedford,47003
AL,Clarke,01025
SD,Hutchinson,46067
NC,Lincoln,37109
MN,Koochiching,27071
IA,Hardin,19083
OH,Highland,39071
KS,Anderson,20003
FL,St. Johns,12109
SC,Richland,45079
IN,Wabash,18169
LA,Terrebonne,22109
LA,Lafourche,22057
MS,Lawrence,28077
NY,Niagara,36063
GA,Paulding,13223
FL,Leon,12073
SC,Colleton,45029
ME,Androscoggin,23001
NJ,Bergen,34003
TX,Stephens,48429
TX,Hidalgo,48215
MO,Cape Girardeau,29033
MO,Lafayette,29107
AL,Dallas,01047
OH,Williams,39171
AR,Clark,05019
TX,Taylor,48441
NM,Dona Ana,35013
NC,Bladen,37017
SC,Dillon,45033
OH,Gallia,39053
OH,Delaware,39041
MI,St. Clair,26147
AK,Petersburg,02195
TN,Weakley,47183
NJ,Warren,34041
TN,Claiborne,47025
MI,Huron,26063
OH,Warren,39165
TX,Potter,48375
ID,Bingham,16011
AZ,Graham,04009
FL,Walton,12131
CO,Routt,08107
PA,Somerset,42111
KS,Coffey,20031
GA,Union,13291
FL,Washington,12133
NJ,Hudson,34017
NC,Wake,37183
NY,Essex,36031
OH,Greene,39057
AR,Saline,05125
KS,Osborne,20141
LA,Sabine,22085
AR,Benton,05007
VA,Giles,51071
LA,Caldwell,22021
PA,Lehigh,42077
TN,Roane,47145
MT,Daniels,30019
OK,Latimer,40005
PA,Cambria,42021
MI,Calhoun,26025
TX,Kerr,48265
NC,Alamance,37001
AL,Marshall,01095
NC,Lenoir,37107
OK,Nowata,40105
MT,Mineral,30061
TX,Lavaca,48285
MI,Tuscola,26157
FL,Clay,12019
MN,Martin,27091
LA,West Carroll,22123
TX,Parmer,48369
KS,Ness,20135
VA,Pulaski,51155
WI,Brown,55009
KY,Pike,21195
OH,Jefferson,39013
FL,Bay,12005
MT,Blaine,30005
NC,Orange,37135
KS,Labette,20099
MI,Kent,26081
OR,Multnomah,41051
CA,Kern,06029
NC,Cleveland,37045
OH,Mahoning,39099
IL,Peoria,17143
PA,Northampton,42095
MO,Clinton,29049
WI,Racine,55101
WI,Sauk,55111
TX,Floyd,48153
MN,McLeod,27085
AZ,La Paz,04012
ND,Burleigh,38015
KS,Cloud,20029
OH,Van Wert,39161
OR,Marion,41047
TN,Sullivan,47163
TX,Hardeman,48197
NM,Otero,35035
IN,Warrick,18173
PA,Delaware,42045
TX,Cooke,48097
WI,Portage,55097
VA,Hanover,51085
GA,Liberty,13179
CO,Weld County,08123
KY,Cumberland,21057
MN,Olmsted,27109
OK,Logan,40083
NY,Jefferson,36045
WI,Burnett,55013
AK,Anchorage,02020
IA,Washington,19183
IA,Chickasaw,19037
KS,Hodgeman,20083
WA,Whatcom,53073
FL,Taylor,12123
WA,Grant,53025
PA,Armstrong,42005
WY,Teton,56039
MO,Washington,29221
OH,Fulton,39051
MD,Montgomery,24031
NH,Coos,33007
IA,Boone,19015
NE,Cuming,31039
PA,McKean,42083
MD,Harford,24025
WY,Natrona,56025
MT,Musselshell,30065
IL,Massac,17127
KS,Sedgwick,20173
OH,Lorain,39093
AL,Winston,01133
VA,Bath,51017
TX,Swisher,48437
OK,Ellis,40045
IL,Madison,17119
WV,Ohio,54069
FL,Marion,12083
MI,Ogemaw,26129
IA,Cerro Gordo,19033
VA,Gloucester,51073
TX,Rockwall,48397
CA,El Dorado,06017
OH,Darke,39037
UT,Kane,49025
MO,Greene,29077
VA,Fredericksburg,51630
AK,Wrangell,02275
MN,Brown,27015
KY,Estill,21065
PA,Jefferson,42065
AR,Boone,05009
IA,Page,19145
IN,Jackson,18071
TN,Sevier,47155
OH,Erie,39043
UT,Iron,49021
GA,Fulton,13121
NH,Rockingham,33015
LA,Ouachita,22073
NC,Rockingham,37157
MN,Le Sueur,27079
SC,Oconee,45073
WV,Mineral,54057
FL,Charlotte,12015
CT,New London,09180
MT,Sheridan,30091
IA,Scott,19163
TX,Calhoun,48057
WI,Price,55099
WA,Garfield,53023
WY,Johnson,56019
WY,Laramie,56021
MT,Chouteau,30015
NJ,Camden,34007
VA,Norton,51720
VA,Frederick,51840
GA,Jefferson,13163
TN,Carter,47019
IN,Clinton,18023
AR,Fulton,05049
SD,Haakon,46055
ND,Griggs,38039
AL,Elmore,01051
GA,Jenkins,13165
LA,Pointe Coupee,22077
GA,Clarke,13059
KS,Thomas,20193
MN,Lake of the Woods,27077
MS,Franklin,28037
WI,Manitowoc,55071
CA,Mendocino,06045
KY,Warren,21227
OH,Summit,39153
NM,San Juan,35045
KS,Greenwood,20073
AR,Pulaski,05119
MT,Missoula,30063
TX,Runnels,48399
NJ,Gloucester,34015
PA,Westmoreland,42003
GA,Sumter,13261
PA,Clarion,42031
SC,Laurens,45059
WA,Spokane,53063
WI,La Crosse,55063
PA,Greene,42059
OR,Douglas,41019
OH,Knox,39083
IA,Webster,19187
KS,Crawford,20037
IA,Ida,19093
VA,Prince George,51730
FL,Okaloosa,12091
AR,Sebastian,05131
MN,Lake,27075
MI,Ingham,26065
VT,Bennington,50003
MS,Covington,28031
TX,Wheeler,48483
LA,Richland,22083
LA,Plaquemines,22051
PA,Clearfield,42033
TX,Erath,48143
MO,Nodaway,29147
VT,Windsor,50027
OK,McCurtain,40089
CA,Santa Cruz,06087
MS,Monroe,28095
VA,Richmond City,51760
WA,Grays Harbor,53027
CA,Trinity,06105
KY,Mercer,21167
NE,Boyd,31015
MN,Meeker,27093
OK,Roger Mills,40129
ND,Towner,38095
IN,St Joseph,18141
TX,Cameron,48061
NC,McDowell,37111
SD,Hughes,46065
AL,Dale,01045
WI,Brown,55079
TX,Sabine,48403
AL,Fayette,01057
IN,Tipton,18159
IN,Daviess,18027
NE,Keith,31101
MS,Neshoba,28099
GA,Fayette,13113
GA,Bleckley,13023
IL,Clinton,17027
OK,Woodward,40153
MN,Dakota,27037
MO,Taney,29213
VA,Hampton,51199
IN,Marshall,18099
KY,Perry,21193
OK,Carter,40019
KS,Miami,20121
TN,Marshall,47117
AL,Lee,01113
TX,Tom Green,48451
NV,Lander,32015
IL,La Salle,17099
OH,Miami,39109
MT,Fergus,30027
FL,Gulf,12045
TX,Lubbock,48303
IN,St. Joseph,18141
FL,Polk,12097
IA,Hancock,19081
MT,Silver Bow,30093
MO,Adair,29001
TN,McMinn,47107
OK,Coal,40029
WI,Fond Du Lac,55039
NE,York,31185
TX,Crosby,48107
KS,Pottawatomie,20149
MO,Grundy,29079
FL,St. Lucie,12111
PA,Centre,42027
WA,Adams,53001
FL,Saint Johns,12109
SC,Jasper,45053
FL,Saint Lucie,12111
VA,Henrico,51087
KS,Reno,20155
MN,Pope,27121
MN,St. Louis,27137
CO,Rio Grande,08105
MI,Mackinac,26097
MI,Alger,26003
IL,Greene,17061
IL,DuPage,17043
LA,Orleans,22087
MT,Lewis and Clark,30049
GA,Troup,13285
MI,St. Joseph,26149
HI,Kauai,15007
AZ,Gila,04007
AK,Kodiak Island,02150
CO,Denver,08031
KY,Casey,21045
NM,Taos,35055
AR,Cross,05037
OK,Caddo,40015
NE,Dodge,31053
WA,Lincoln,53043
CO,Lincoln,08073
CA,Colusa,06011
MI,Bay,26017
GA,Colquitt,13071
VA,Warren,51187
SC,Greenwood,45047
NC,Chatham,37037
NM,Quay,35037
MT,Liberty,30051
MI,Delta,26041
NC,Camden,37139
VA,Arlington,51013
MD,St. Mary's,24037
CA,Yolo,06113
NJ,Somerset,34035
MN,Carlton,27017
WI,Lincoln,55069
IA,Johnson,19103
IN,Decatur,18031
TX,Brazoria,48039
GA,Clinch,13065
VA,Page,51139
NC,Union,37179
TX,Medina,48325
TN,Overton,47133
MN,Pine,27115
CA,Plumas,06063
TX,Castro,48069
OK,Seminole,40133
PA,Venango,42121
MT,Madison,30057
NV,Douglas,32005
PA,York,42133
PA,Berks,42011
SD,Charles Mix,46023
SD,Day,46037
IL,Whiteside,17195
AK,Fairbanks North Star,02090
NC,Buncombe,37021
MN,Otter Tail,27111
GA,Stephens,13257
OK,Muskogee,40101
MN,Redwood,27127
CA,Siskiyou,06093
SC,Dorchester,45015
TN,DeKalb,47041
FL,Indian River,12061
CT,Greater Bridgeport,09120
IA,Grundy,19075
GA,Forsyth,13117
IA,Linn,19113
AL,Madison,01089
MT,Broadwater,30007
KY,Monroe,21171
NC,Hoke,37093
IL,Richland,17159
MN,Swift,27151
MS,Hancock,28045
NJ,Bergen,34017
AR,Chicot,05017
LA,Vermilion,22113
WV,Calhoun,54013
AL,Marion,01093
IA,Mitchell,19131
WI,Ashland,55003
OH,Portage,39133
MN,Hennepin,27053
IN,Steuben,18151
UT,Beaver,49001
WA,Clark,53011
KS,Marion,20115
MS,Clay,28025
IN,Greene,18055
AL,DeKalb,01049
WY,Big Horn,56003
MT,Roosevelt,30085
OK,Garfield,40047
TN,Montgomery,47125
LA,Iberia,22045
IA,Floyd,19067
TN,Benton,47005
IN,Bartholomew,18005
KY,Trigg,21221
TX,Matagorda,48321
MO,Barton,29011
MO,Barry,29009
NE,Nemaha,31127
AR,Conway,05029
MI,Jackson,26075
FL,Hernando,12053
WA,Jefferson,53031
FL,Pasco,12101
CT,Tolland,09110
MO,St. Charles,29183
ID,Blaine,16013
TN,Houston,47083
WI,Dodge,55027
TX,Angelina,48005
NY,Cortland,36023
ID,Power,16077
NV,Humboldt,32013
SD,Oglala Lakota,46102
IA,Black Hawk,19013
KS,Comanche,20033
TX,McCulloch,48307
TX,Atascosa,48013
AR,Greene,05055
MN,Pennington,27113
NY,Sullivan,36105
NE,Thayer,31169
MI,Charlevoix,26029
MO,Cass,29037
MS,Tate,28137
KY,Johnson,21115
MN,Douglas,27041
SD,Faulk,46049
GA,Richmond,13245
WI,Wood,55141
NM,McKinley,35031
CT,Windham,09150
MO,Jasper,29097
CA,Mariposa,06043
OK,Marshall,40095
WI,Sawyer,55113
NE,Johnson,31097
TN,Wilson,47189
KS,Nemaha,20131
VA,Spotsylvania,51177
GA,Lanier,13173
TX,Collin,48121
KS,Sherman,20181
TX,McLennan,48309
MS,Webster,28155
AR,Little River,05081
OH,Sandusky,39143
TN,Monroe,47123
NE,Saline,31151
TN,Hardin,47071
NY,Orange,36071
MS,Noxubee,28103
NM,Rio Arriba,35039
IL,Knox,17095
SD,Davison,46035
VT,Washington,50023
NM,Bernalillo,35001
KS,Washington,20201
GA,Bibb,13021
IL,Perry,17145
GA,Putnam,13237
OK,Kiowa,40075
WV,Mercer,54055
KS,Rawlins,20193
ND,Ransom,38073
MS,Attala,28007
AL,Covington,01039
MN,Cook,27031
SC,Lexington,45063
GA,Elbert,13105
OK,Kingfisher,40073
MN,Anoka,27003
ND,McLean,38055
KY,Bullitt,21029
MT,Teton,30099
IN,Henry,18065
VA,Dinwiddie,51053
SD,Gregory,46053
MS,Kemper,28069
TX,Mitchell,48335
TN,Haywood,47075
WV,Lewis,54041
CO,Mesa,08077
IN,Jasper,18073
VA,Augusta,51790
TX,Coleman,48083
ID,Oneida,16071
OH,Wayne,39169
IL,Montgomery,17135
MS,Lincoln,28085
AK,Matanuska-Susitna,02170
SC,Pickens,45077
FL,Brevard,12061
WV,Fayette,54019
CO,Cheyenne,08017
NY,Rensselaer,36083
CA,Glenn,06021
UT,Sevier,49041
KY,Harlan,21095
AR,Faulkner,05045
OK,Garvin,40049
WV,Wood,54107
MS,DeSoto,28033
MS,Grenada,28043
ND,Divide,38023
MN,Hubbard,27057
AZ,Mohave,04015
CO,Garfield,08045
OK,Greer,40055
IL,Shelby,17173
NC,Davie,37059
PA,Carbon,42025
MD,Calvert,24009
NH,Carroll,33003
IN,Porter,18127
OK,Okmulgee,40111
FL,Flagler,12035
MT,Garfield,30033
ID,Lemhi,16059
GA,Jasper,13159
IA,Dallas,19049
ND,Williams,38105
NC,Durham,37063
SD,Edmunds,46045
TN,Williamson,47187
OH,CUYAHOGA,39035
AR,Crawford,05033
SC,Newberry,45071
CA,Sutter,06101
WI,Walworth,55127
IA,Story,19169
PA,Chester,42029
NY,Steuben,36101
ME,Kennebec,23011
CA,Humboldt,06023
TX,Freestone,48161
OK,Mayes,40097
MO,Saline,29195
IN,Perry,18123
MI,CHIPPEWA,26033
MI,Ottawa,26139
KS,Clay,20027
OH,Harrison,39067
MO,Franklin,29071
IL,Mercer,17131
IL,Wayne,17191
CO,Douglas,08035
LA,West Feliciana,22125
IL,Bureau,17011
AL,Bibb,01007
KY,Shelby,21211
IL,Ogle,17141
MT,McCone,30055
MA,Hampshire,25015
GA,Brooks,13027
NE,Merrick,31121
WV,Logan,54045
OK,Adair,40009
MN,Isanti,27059
MO,Stoddard,29207
MI,Arenac,26011
IA,Lyon,19119
MO,Texas,29215
KY,Leslie,21131
NC,Hertford,37091
KY,Letcher,21133
SC,Florence,45041
CA,Yuba,06115
AL,Blount,01009
AL,St. Clair,01115
TX,Fannin,48147
ME,Somerset,23025
MN,Ramsey,27123
WA,Columbia,53013
KY,Carroll,21041
TX,Parker,48367
OK,Washita,40149
LA,Bienville,22013
KY,Barren,21009
PA,Fulton,42057
LA,East Carroll,22035
HI,Maui,15009
IL,Washington,17189
IN,Vanderburgh,18163
RI,Kent,44003
AR,Union,05139
KY,Caldwell,21033
LA,Vernon,22115
IN,Dearborn,18029
IN,Clark,18019
VT,Windham,50025
NY,Ulster,36111
CT,South Central Ct,09170
OR,Linn,41043
NE,Harlan,31083
IN,Adams,18001
ID,Butte,16023
AL,Tallapoosa,01123
VA,Dickenson,51051
MS,Amite,28005
LA,Beauregard,22011
GA,Polk,13233
CT,Litchfield,09190
WV,Upshur,54097
MO,Platte,29165
MI,Luce,26095
MN,Traverse,27155
UT,San Juan,49037
IL,Woodford,17203
CA,San Mateo,06081
IN,LaGrange,18087
TX,Upton,48461
GA,Miller,13201
MT,Lake,30047
CA,San Luis Obispo,06079
UT,Uintah,49047
WI,Taylor,55119
GA,Coweta,13077
RI,Washington,44009
KS,Smith,20183
SD,Yankton,46135
IA,Clay,19041
CO,Weld,08123
MS,Newton,28101
OH,Ottawa,39123
AR,Drew,05043
WI,Crawford,55023
NY,Genesee,36037
ID,Nez Perce,16069
TX,Cherokee,48073
TX,Concho,48095
KY,Clay,21051
AL,Monroe,01099
OH,Pike,39131
IA,Osceola,19143
TX,Titus,48449
WA,Stevens,53065
GA,Butts,13035
TX,Dimmit,48127
TX,Galveston,48167
GA,Burke,13033
AR,Jefferson,05069
TX,Hutchinson,48233
GA,Baldwin,13009
WI,Green,55045
MO,Livingston,29117
ND,Wells,38103
GA,Bulloch,13031
NM,Chaves,35005
NE,Cherry,31031
LA,Madison,22065
ID,Bear Lake,16007
IA,Jackson,19097
SD,Bon Homme,46009
VA,York,51199
TX,Caldwell,48055
GA,Cobb,13067
MN,Norman,27107
KS,Stafford,20185
CO,Yuma,08125
KY,Christian,21047
IA,Calhoun,19025
WY,Fremont,56013
NC,Catawba,37035
NC,Alleghany,37005
IL,Edgar,17045
OK,Lincoln,40081
IL,McLean,17113
IA,Clarke,19039
KS,Scott,20171
OH,Ross,39141
KY,Calloway,21035
TX,Clay,48077
MO,Pike,29163
IL,McDonough,17109
UT,Sanpete,49039
KY,Morgan,21175
TX,Jefferson,48245
NM,Doña Ana,35013
KS,Trego,20195
AR,Sevier,05133
SC,Hampton,45049
WA,Mason,53045
OH,Holmes,39075
KS,Saline,20169
IN,Tippecanoe,18157
ID,Clearwater,16035
MI,Wexford,26165
GA,Morgan,13211
PA,Crawford,42039
MN,Chippewa,27023
WI,Green Lake,55047
AR,Clay,05021
WI,Shawano,55115
CT,Litchfield,09160
MI,Cass,26027
SC,Georgetown,45043
OR,Clatsop,41007
VA,Hopewell,51670
CT,New Haven,09140
AZ,Santa Cruz,04023
IA,Marshall,19127
MN,Crow Wing,27035
VA,Chesterfield,51041
KS,Riley,20161
OH,Stark,39151
WY,Park,56029
IN,Vermillion,18165
MI,Clare,26035
NE,Washington,31177
NE,Custer,31041
SD,Potter,46107
MI,Alpena,26007
VA,Lee,51105
NE,Furnas,31065
SD,Marshall,46091
ND,Mercer,38057
SD,Todd,46121
TX,Deaf Smith,48117
OH,Union,39159
NC,Forsyth,37067
IA,Humboldt,19091
PA,Montgomery,42045
KS,Morris,20127
PA,Union,42119
SC,Richland,45063
TX,Ector,48135
TN,Franklin,47051
OH,Washington,39167
NJ,Ocean,34029
SC,Beaufort,45013
IL,Jackson,17077
IA,Muscatine,19139
PA,Elk,42047
TN,White,47185
IA,Sioux,19167
TX,Montague,48337
MS,George,28039
CO,Kit Carson,08063
AK,Valdez-Cordova,02063
AR,Dallas,05039
GA,Emanuel,13107
MA,Plymouth,25023
TX,Washington,48041
IA,Lee,19111
IA,Jasper,19099
MI,Barry,26015
ND,Sioux,38085
NC,Rutherford,37161
CA,Mono,06051
KY,Boyd,21019
ME,Piscataquis,23021
NM,Curry,35009
MD,Anne Arundel,24003
MS,Winston,28159
WI,Clark,55019
IA,Marion,19125
TN,Gibson,47053
TX,Howard,48227
KY,Grant,21081
OK,Beckham,40009
MN,Faribault,27043
VA,Williamsburg,51830
NJ,Atlantic,34001
MN,Rock,27133
IA,Guthrie,19077
OH,Fairfield,39045
MI,Schoolcraft,26153
VA,Norfolk,51710
TN,Unicoi,47171
WA,San Juan,53055
TX,Brazos,48041
WY,Platte,56031
MD,Baltimore,24005
NY,Tompkins,36109
MN,Washington,27163
VA,Fauquier,51061
IN,Johnson,18081
IL,Kankakee,17091
VA,Rockingham,51165
KS,Kiowa,20097
NE,Platte,31141
MS,Adams,28001
LA,St. Mary,22101
MI,Houghton,26061
IA,Decatur,19053
MT,Toole,30101
CA,Lake,06033
MD,Kent,24029
NE,Red Willow,31145
CO,Jefferson,08059
PA,Indiana,42063
ME,Lincoln,23015
MO,Madison,29123
VA,Montgomery,51121
KS,Harper,20077
MS,Tishomingo,28141
WV,Braxton,54007
TX,Starr,48427
TN,Sumner,47165
CA,Kings,06031
VA,Franklin,51067
KY,Montgomery,21173
IL,Macoupin,17117
AR,Ouachita,05103
TX,Jackson,48239
IN,Rush,18139
DE,New Castle,10003
KY,Mason,21161
ID,Franklin,16041
WA,Pend Oreille,53051
NC,Vance,37181
OK,Payne,40119
VA,Albemarle,51003
GA,Seminole,13253
ND,Ward,38101
FL,Santa Rosa,12113
WA,Kitsap,53035
IN,Boone,18011
TX,Karnes,48255
IA,Delaware,19055
MI,Osceola,26133
MS,Sunflower,28133
AR,Carroll,05015
NC,Carteret,37031
OH,Adams,39001
VT,Caledonia,50005
NE,Polk,31143
ND,Dickey,38021
IN,Montgomery,18107
CO,Alamosa,08003
PA,Mifflin,42087
TX,Scurry,48415
TX,Tarrant,48251
SD,Turner,46125
IL,Bond,17005
WV,Mingo,54059
NC,Haywood,37087
FL,Madison,12079
KS,Hamilton,20075
IL,Boone,17007
TX,Gaines,48165
WI,Juneau,55057
ND,Nelson,38063
OR,Grant,41023
WI,Waupaca,55135
GA,Appling,13001
OH,Lake,39085
WV,Summers,54089
OK,Delaware,40041
IA,Hamilton,19079
MO,Howell,29091
NY,Yates,36123
MT,Beaverhead,30001
TX,Bosque,48035
MS,Walthall,28147
OR,Washington,41067
CO,Morgan,08087
NC,Craven,37049
KS,Sheridan,20179
NV,White Pine,32033
OR,Jackson,41029
VA,James City,51095
IL,Crawford,17033
MA,Barnstable,25001
GA,Peach,13225
ID,Bonner,16017
OH,Morrow,39117
OK,Pushmataha,40127
LA,Avoyelles,22009
KS,Barber,20007
WV,Hampshire,54027
NE,Thurston,31173
GA,Whitfield,13313
CA,Madera,06039
TN,Greene,47059
IA,Poweshiek,19157
TX,Navarro,48349
IN,Warren,18171
FL,Highlands,12055
GA,Mitchell,13205
NE,Holt,31089
TX,Liberty,48291
IA,Clinton,19045
KY,Oldham,21185
WA,Ferry,53019
IA,Bremer,19017
MO,St. Francois,29187
AR,Van Buren,05141
SC,Union,45087
IL,Coles,17029
VA,Shenandoah,51171
ID,Bannock,16005
NY,Fulton,36035
GA,Houston,13153
AL,Randolph,01111
IN,Shelby,18145
NE,Valley,31175
KS,Meade,20119
WI,Vernon,55123
ND,Foster,38031
OR,Jefferson,41031
IN,Scott,18143
TX,Dawson,48115
TX,Llano,48299
AZ,Apache,04001
IA,Keokuk,19107
UT,Cache,49005
NE,Hamilton,31081
TN,Giles,47055
ID,Twin Falls,16083
NV,Carson City,32510
MS,Hinds,28121
NC,Stanly,37167
MT,Big Horn,30003
CO,Montrose,08085
AL,Clay,01027
PA,Huntingdon,42061
WI,Oneida,55085
WI,Milwaukee,55089
OK,Haskell,40061
KS,Kearny,20093
WI,Kenosha,55059
NC,Guilford,37081
MI,Shiawassee,26155
MA,Dukes,25007
WI,Sheboygan,55117
VA,Bristol,51520
TN,Scott,47151
IL,Henry,17073
IL,Iroquois,17075
TN,Lawrence,47099
WV,Mason,54053
TX,Jack,48237
MO,St. Clair,29013
TX,Wise,48497
OH,Geauga,39055
VA,Culpeper,51047
PA,Delaware,42091
AR,Lawrence,05075
MN,Scott,27139
MS,Choctaw,28019
FL,Miami-dade,12086
TX,Nueces,48273
MI,Gratiot,26057
NY,Wyoming,36121
VA,Alexandria,51510
TX,Comanche,48093
AR,Arkansas,05001
WI,Rusk,55107
MN,Becker,27005
NC,Person,37145
MN,Renville,27129
IL,Effingham,17049
TX,Johnson,48251
MN,Chisago,27025
NY,Putnam,36079
AR,Mississippi,05093
GA,Macon,13193
KY,Hart,21099
MS,Hinds,28049
GA,Effingham,13103
FL,Franklin,12037
KS,Leavenworth,20103
TX,Hockley,48219
MN,Wadena,27111
IN,Cass,18017
CA,San Benito,06069
TX,Ochiltree,48357
TN,Hamilton,47065
FL,Sumter,12119
WI,Marinette,55075
SD,Jerauld,46073
TN,Hickman,47081
TN,Cumberland,47035
MI,Midland,26111
ME,Penobscot,23019
MO,Sullivan,29211
TX,Hunt,48231
MT,Glacier,30035
AR,Bradley,05011
OK,Jefferson,40067
KS,Grant,20067
AL,Crenshaw,01041
FL,Calhoun,12013
TX,Hale,48189
AL,Cullman,01043
MS,Lowndes,28087
NE,Pierce,31139
ID,Canyon,16027
NE,Nuckolls,31129
TX,Maverick,48323
KY,Fleming,21069
IA,Buchanan,19019
CO,Pueblo,08101
MD,Cecil,24015
GA,Evans,13109
ND,McKenzie,38053
GA,Jeff Davis,13161
TX,Victoria,48469
NE,Lincoln,31111
NC,Robeson,37155
MS,Calhoun,28013
IN,Vanderburgh,18173
TX,Andrews,48003
UT,Carbon,49007
AR,Hot Spring,05059
KS,Republic,20157
LA,Lincoln,22061
VA,Roanoke City,51770
MN,Wright,27171
IA,Monona,19133
IL,Macon,17115
TX,Dallas,48439
NM,Sierra,35051
TN,Hamblen,47063
TX,Grimes,48185
VT,Lamoille,50015
WA,Cowlitz,53015
VA,Augusta,51015
KS,Norton,20137
NJ,Mercer,34023
MI,Gladwin,26051
KS,Atchison,20005
TX,Lamb,48279
AR,St. Francis,05123
OR,Umatilla,41059
OK,Le Flore,40079
OH,Medina,39103
AK,Kenai Peninsula,02122
MO,Iron,29093
MS,Jackson,28047
LA,Iberville,22047
MN,Wabasha,27157
NM,Union,35059
IN,Miami,18103
KS,Labette,20019
IN,Wells,18179
TN,Macon,47111
IA,Mahaska,19123
MO,Gentry,29075
WA,Walla Walla,53071
GA,Lowndes,13185
IA,Emmet,19063
GA,Crisp,13081
NY,Kings,36061
GA,Meriwether,13199
MI,Hillsdale,26059
SD,McPherson,46089
IA,Wayne,19185
OH,Henry,39069
TX,Hood,48221
NE,Madison,31119
ND,Stark,38089
TX,Fort Bend,48201
FL,Monroe,12087
OR,Morrow,41049
NM,Luna,35029
AR,Crittenden,05035
WI,Door,55029
KS,Cherokee,20021
TX,Lynn,48305
LA,Caddo,22015
IA,Monroe,19135
MN,Polk,27119
NE,Scotts Bluff,31157
MI,Iosco,26069
MO,Bates,29013
KY,Woodford,21239
KY,Scott,21209
TX,Gonzales,48177
OK,Pottawatomie,40125
IA,Winneshiek,19191
TX,Baylor,48023
MO,Lawrence,29109
AL,Jackson,01071
KS,Rice,20159
TX,Walker,48471
TN,Dickson,47043
MS,Pontotoc,28115
LA,Union,22111
NM,Santa Fe,35049
MI,Isabella,26073
IL,Union,17181
KY,Graves,21083
TX,Crane,48103
OK,Beaver,40007
MD,Howard,24027
OK,Kay,40071
FL,Hardee,12049
WV,Raleigh,54081
WV,Grant,54023
NE,Sheridan,31161
NC,Cumberland,37051
TX,Liberty,48373
TX,Throckmorton,48447
NM,Eddy,35015
WY,Sweetwater,56037
SD,Douglas,46043
TN,Smith,47159
UT,Box Elder,49003
AL,Greene,01063
TX,Jones,48253
WI,Chippewa,55017
VT,Orleans,50019
KS,Doniphan,20043
NC,Pender,37141
MI,Oceana,26127
KY,Nelson,21179
NC,Sampson,37163
NC,Edgecombe,37065
NY,Franklin,36033
GA,Habersham,13241
GA,Dade,13083
IL,Grundy,17063
MO,Phelps,29161
OR,Wallowa,41063
GA,Upson,13293
OH,Auglaize,39107
LA,Natchitoches,22069
MD,Prince George's,24033
MI,Benzie,26019
TN,Lauderdale,47097
TX,Jim Wells,48249
NY,Oneida,36065
IN,LaPorte,18091
MS,Montgomery,28097
AL,Dallas,01105
SC,Lancaster,45057
NY,Schuyler,36097
AR,Independence,05063
CO,Summit,08117
IL,Hamilton,17065
TN,Dyer,47045
WI,Douglas,55031
WA,Skagit,53057
TX,Harris,48071
TX,Wilbarger,48487
OH,Tuscarawas,39157
IN,Morgan,18109
AL,Wilcox,01131
IA,Jefferson,19101
GA,Berrien,13019
VA,Prince Edward,51147
ND,Rolette,38079
LA,Red River,22081
KS,Mitchell,20123
KS,Brown,20013
OH,Crawford,39033
MS,Quitman,28119
LA,Jefferson Davis,22053
OK,Wagoner,40145
WY,Goshen,56015
MI,Allegan,26005
MN,Todd,27153
VA,Tazewell,51185
TX,Knox,48275
IA,Ringgold,19159
MO,Jefferson,29099
AR,Stone,05137
KY,Logan,21141
ME,Oxford,23017
ME,Waldo,23027
IA,Union,19175
WY,Sheridan,56033
TX,Burleson,48051
TX,Reagan,48383
MI,Monroe,26115
GA,Rockdale,13247
AL,Limestone,01083
WI,Lafayette,55065
VA,Stafford,51179
OR,Wasco,41065
TX,DeWitt,48123
KY,Campbell,21037
AL,Washington,01129
TX,Coryell,48099
NE,Box Butte,31013
OR,Benton,41003
OK,Woods,40151
ME,Washington,23029
OK,Okfuskee,40107
MO,Newton,29145
KY,Daviess,21059
OH,Hancock,39063
OR,Yamhill,41071
TX,Terry,48445
MT,Richland,30083
FL,Okeechobee,12093
TX,Taylor,48399
SD,Brown,46013
WA,Pacific,53049
AR,Jackson,05145
PA,Monroe,42089
MT,Phillips,30071
VA,Lynchburg,51680
TX,Gregg,48203
FL,Nassau,12089
ID,Jerome,16053
VA,Franklin,51620
PA,Susquehanna,42115
SD,Deuel,46039
IA,Carroll,19027
NV,Nye,32023
MO,Johnson,29101
GA,Pickens,13227
WY,Albany,56001
MN,Marshall,27089
OR,Washington,41005
CT,Hartford,09140
FL,Holmes,12059
MA,Franklin,25011
NE,Fillmore,31059
VI,Saint Thomas,78030
SC,Anderson,45007
SD,Hand,46059
KS,Butler,20015
MS,Yazoo,28163
ND,Walsh,38099
NE,Gage,31067
IL,Williamson,17199
GA,Ben Hill,13017
SD,Bennett,46007
VA,Wythe,51197
OR,Harney,41025
PA,Bradford,42015
OH,Clermont,39025
GA,Camden,13039
IA,O'Brien,19141
GA,Tattnall,13267
GA,Screven,13251
FL,Escambia,12113
GA,Spalding,13255
IN,Huntington,18069
OR,Curry,41015
ND,Stutsman,38093
GA,Candler,13043
LA,Winn,22127
AL,Escambia,01053
MI,Otsego,26137
TN,Hawkins,47073
NY,Cayuga,36011
IA,Montgomery,19137
MT,Custer,30017
UT,Millard,49027
NE,Butler,31023
MI,Ionia,26067
WV,Marion,54049
TX,Palo Pinto,48363
TN,Anderson,47001
MS,Union,28145
CO,Montezuma,08083
MT,Hill,30041
IA,Jones,19105
LA,Washington,22117
KS,Clark,20025
IN,Clay,18021
VA,Petersburg,51730
TN,Carroll,47017
NC,Granville,37077
TN,Hardeman,47069
GA,Towns,13281
CT,Windham,09180
PA,Clinton,42035
NY,Nassau,36081
TX,Pecos,48371
NV,Churchill,32001
TX,Midland,48329
NY,Madison,36053
IA,Greene,19073
AK,North Slope,02185
PA,Butler,42019
MO,Polk,29167
GA,Glynn,13127
IN,DeKalb,18033
MI,Branch,26023
TX,Kleberg,48273
KY,Laurel,21125
TX,Chambers,48071
WV,Tyler,54095
TN,Cannon,47015
WI,Jefferson,55055
OK,McClain,40087
MS,Tallahatchie,28135
AR,Hempstead,05057
OK,Pittsburg,40121
SC,Chester,45091
OK,Pawnee,40117
MT,Granite,30039
OH,Ashland,39005
TX,Ward,48475
SC,Darlington,45031
GA,Dekalb,13089
IN,Orange,18117
MS,Leflore,28083
GA,Ware,13299
KY,Ohio,21183
IA,Sac,19161
MT,Gallatin,30031
IL,Tazewell,17179
NC,Swain,37173
NJ,Camden,34015
CO,Archuleta,08007
NE,Adams,31001
NC,Wilson,37195
TX,Hopkins,48223
TN,Tipton,47167
NY,Chemung,36015
MN,Yellow Medicine,27173
GA,Wayne,13305
NY,Lewis,36049
GA,Murray,13213
MO,Crawford,29055
IL,Hancock,17067
MN,Waseca,27161
MT,Deer Lodge,30023
MI,Berrien,26021
UT,Tooele,49045
MN,Lyon,27083
OK,Canadian,40017
TX,Bastrop,48021
IN,Lawrence,18093
MO,Jasper,29145
FL,Union,12125
NM,San Miguel,35047
NE,Perkins,31135
MT,Dawson,30021
NJ,Salem,34033
NC,Columbus,37047
MN,Big Stone,27011
IA,Davis,19051
ND,Ramsey,38071
VA,Charlottesville,51540
MN,Murray,27101
IN,Whitley,18183
NC,Randolph,37151
NY,Warren,36113
IN,Gibson,18051
WI,Iowa,55049
TN,Bradley,47011
WA,Franklin,53021
ID,Valley,16085
FL,Putnam,12107
AL,Pike,01109
MS,Yalobusha,28161
VA,Danville,51590
NY,Columbia,36021
KS,Ottawa,20143
MS,Jefferson Davis,28065
MT,Fallon,30025
NV,Lyon,32019
OH,Wood,39173
SD,Roberts,46109
OR,Malheur,41045
WI,Adams,55001
IN,Jennings,18079
MT,Sweet Grass,30097
IL,Saline,17165
PA,Beaver,42007
MN,Saint Louis,27137
VA,Salem,51775
MI,Lapeer,26087
GA,Monroe,13207
SC,Chesterfield,45025
IA,Cherokee,19035
MD,Garrett,24023
WV,Morgan,54065
IN,Starke,18149
AL,Cherokee,01019
OR,Lake,41037
TX,Wharton,48481
CO,Delta,08029
KY,Muhlenberg,21177
MN,Aitkin,27001
IA,Madison,19121
CO,Gunnison,08051
AR,Pope,05115
KS,Greeley,20071
NE,Webster,31181
NC,Richmond,37153
SD,Brule,46015
NJ,Cumberland,34011
IA,Adair,19001
WV,Barbour,54001
OR,Polk,41053
ID,Minidoka,16067
VT,Chittenden,50007
TX,Culberson,48109
VA,Martinsville,51690
CO,Eagle,08037
NC,Montgomery,37123
CO,Fremont,08043
MI,Grand Traverse,26055
MS,Jackson,28059
IA,Allamakee,19005
NY,Chenango,36017
TX,Denton,48085
SD,Kingsbury,46077
IA,Henry,19087
TX,Kaufman,48257
KS,Marshall,20117
NC,Anson,37007
NM,Lincoln,35027
WV,Berkeley,54003
IN,Jay,18075
MI,Muskegon,26121
MD,Baltimore City,24510
IN,Harrison,18061
NC,Mitchell,37121
KY,Boone,21015
CO,Otero,08089
OK,Texas,40139
KS,Lincoln,20105
WI,Vilas,55125
NE,Richardson,31147
NC,Transylvania,37175
AL,Baldwin,01003
OR,Klamath,41035
WI,Trempealeau,55121
NE,Howard,31093
MN,Grant,27051
TX,Falls,48145
TN,Campbell,47013
IL,Stephenson,17177
MN,Stevens,27149
NY,Livingston,36051
IN,Pulaski,18131
LA,Claiborne,22027
FL,Hendry,12051
NY,Wayne,36117
ID,Boundary,16021
NC,Pasquotank,37139
IA,Fremont,19071
VT,Orange,50017
GA,Douglas,13097
TX,Mclennan,48309
WY,Washakie,56043
GA,Barrow,13013
MO,Laclede,29105
MI,Iron,26071
OH,Madison,39097
NC,Halifax,37083
TX,Hamilton,48193
OK,Craig,40035
AL,Coffee,01031
VA,Manassas,51683
NV,Elko,32007
PA,Northumberland,42097
OH,Guernsey,39059
WV,Webster,54101
IL,Mason,17125
LA,Bossier,22015
IA,Crawford,19047
MS,Marion,28091
CO,Huerfano,08055
NE,Antelope,31003
TX,Panola,48365
TX,Lampasas,48281
MO,Harrison,29081
WV,Marshall,54051
LA,Jackson,22049
MD,Talbot,24041
SC,Aiken,45003
SD,Grant,46051
MS,Madison,28089
SC,Cherokee,45021
NC,Jackson,37099
KS,Gove,20063
IA,Lucas,19117
OH,Columbiana,39029
GA,Wilkes,13317
AK,Juneau,02110
ND,Barnes,38003
TN,Putnam,47141
UT,Summit,49043
GA,Haralson,13143
TX,Madison,48313
IL,Pike,17149
TN,Humphreys,47085
MS,Forrest,28035
TX,Henderson,48213
MS,Holmes,28051
IL,Logan,17107
PA,Fayette,42051
NY,Richmond,36085
UT,Washington,49053
TN,Blount,47009
AK,Dillingham,02070
NC,Durham,37147
RI,Newport,44005
KY,Marion,21155
KS,Seward,20175
MS,Claiborne,28021
IA,Dickinson,19059
NE,Garden,31069
MO,Scott,29201
OK,Choctaw,40023
OK,Cleveland,40051
IL,Warren,17187
CO,Kiowa,08061
CT,Middlesex,09130
TX,Comal,48029
KS,Allen,20001
NC,Washington,37187
MI,Eaton,26045
IL,Rock Island,17161
NC,Lee,37105
CA,Lassen,06035
GA,Franklin,13119
MO,Henry,29083
WI,Calumet,55015
TX,Refugio,48391
GA,Gwinnett,13139
TX,Yoakum,48501
KS,Lyon,20111
WV,Nicholas,54067
MS,Lafayette,28071
IL,LaSalle,17099
MT,Stillwater,30095
KY,Henderson,21101
MN,Steele,27147
LA,Saint Tammany,22103
IA,Franklin,19069
ID,Teton,16081
WA,Island,53029
LA,De Soto,22031
KS,Harvey,20079
TX,Haskell,48207
SC,Charleston,45035
NJ,Sussex,34037
MS,Alcorn,28003
IN,Randolph,18135
SD,Spink,46115
MT,Rosebud,30087
MN,Beltrami,27007
TX,Austin,48015
NC,Watauga,37189
KS,Finney,20055
KY,Livingston,21139
NY,Clinton,36019
KY,Union,21225
TX,Washington,48477
VA,Washington,51191
FL,Jackson,12063
MS,Oktibbeha,28105
KY,Hopkins,21107
ID,Cassia,16031
OH,Coshocton,39031
KY,Bell,21013
NE,Franklin,31061
TX,Hansford,48195
NC,Caldwell,37027
NV,Mineral,32021
KY,Clark,21049
MN,Lac qui Parle,27073
IN,Franklin,18137
KY,McCracken,21145
CO,Chaffee,08015
VA,New Kent,51127
MI,Mason,26105
OK,Stephens,40137
KS,Dickinson,20041
OR,Lincoln,41041
AR,Desha,05041
TX,Anderson,48001
TX,Guadalupe,48187
VA,Wise,51195
MN,Nicollet,27103
IA,Cass,19029
OR,Crook,41013
MS,Pearl River,28109
TX,Cass,48067
TX,Moore,48341
MT,Sanders,30089
ND,Pierce,38069
TX,Camp,48063
AR,Franklin,05047
ID,Elmore,16039
IA,Howard,19089
TN,Trousdale,47169
VA,Emporia,51595
MD,Allegany,24001
OH,Athens,39009
NE,Kimball,31105
KY,Breathitt,21025
KS,Edwards,20047
SC,Marion,45067
WV,Randolph,54083
KS,Phillips,20147
MO,Cedar,29039
KY,Wayne,21231
NC,Wayne,37191
WA,Kittitas,53037
MO,Cole,29051
WI,Waushara,55137
PA,Warren,42123
OH,Licking,39089
TX,Childress,48075
VT,Franklin,50011
SC,Orangeburg,45075
TN,Jefferson,47089
KS,Stevens,20189
NY,Schoharie,36095
TX,Uvalde,48463
AK,Sitka,02220
VA,Halifax,51083
MN,Sibley,27143
MN,Cass,27021
WA,Clallam,53009
GA,Henry,13151
WI,Washington,55131
OK,Custer,40039
OK,Jackson,40065
KS,Ellsworth,20053
KS,Haskell,20081
IL,Hancock,17001
MT,Carter,30011
NC,Onslow,37133
IA,Woodbury,19193
VA,Hampton,51650
SC,Abbeville,45001
NY,Cattaraugus,36009
MS,Jones,28067
CA,Calaveras,06009
MN,Rice,27131
MT,Carbon,30009
CO,Las Animas,08071
OK,Ottawa,40115
SD,Tripp,46123
KY,Simpson,21213
VA,Virginia Beach,51810
OH,Logan,39091
MO,Ste. Genevieve,29186
NJ,Cape May,34009
SD,Meade,46093
WA,Asotin,53003
GA,Lumpkin,13187
IN,Jefferson,18077
NV,Lincoln,32017
MO,Buchanan,29021
SC,Allendale,45005
IN,Sullivan,18153
AL,Chambers,01017
ID,Washington,16087
OH,Seneca,39147
TX,Collingsworth,48087
NC,Dare,37055
TN,Henderson,47077
WI,Oconto,55083
AK,Bethel,02050
WV,Jefferson,54037
KS,Douglas,20045
OH,Paulding,39125
WI,Jackson,55053
LA,Concordia,22029
NE,Wayne,31179
MS,Lee,28081
OR,Josephine,41033
OH,Muskingum,39119
IA,Audubon,19009
UT,Weber,49057
OK,Atoka,40005
KS,Kingman,20095
ME,Franklin,23007
GA,Tift,13277
IA,Buena Vista,19021
PA,Cumberland,42075
MT,Ravalli,30081
SD,Brookings,46011
NE,Dundy,31057
TX,Gillespie,48171
OH,Belmont,39013
AL,Madison,01073
KY,Knox,21121
MI,Lenawee,26091
TX,Jasper,48241
CO,Pitkin,08097
NH,Sullivan,33019
TX,Burnet,48053
OK,Harmon,40057
ID,Gem,16045
MT,Park,30067
TX,Houston,48225
AL,Butler,01013
NE,Brown,31017
AR,Izard,05065
TX,Stonewall,48433
IL,Morgan,17137
TX,Schleicher,48413
GA,Carroll,13045
MO,Gasconade,29073
OR,Tillamook,41057
MO,Camden,29029
OH,Wyandot,39175
PA,Bedford,42009
CO,Arapahoe,08035
TN,Johnson,47091
NE,Dawes,31045
IL,Piatt,17147
SD,Walworth,46129
MO,Perry,29157
KY,Green,21087
GA,Laurens,13175
TN,Maury,47119
PA,Tioga,42117
KS,Pawnee,20145
KS,Logan,20109
NC,Cherokee,37039
ME,Knox,23013
NE,Kearney,31099
IL,Wabash,17185
OR,Baker,41001
IN,Wayne,18177
VA,Roanoke,51770
MI,Dickinson,26043
TN,Claiborne,47067
WV,Preston,54077
WV,Wetzel,54103
CA,Amador,06005
FL,Columbia,12023
TN,Henry,47079
NY,Saratoga,36091
KS,Stanton,20187
WI,Richland,55103
MT,Valley,30105
IN,Dubois,18037
NH,Belknap,33001
IA,Van Buren,19177
NC,Ashe,37009
GA,Bacon,13005
CA,Tehama,06103
MN,Jackson,27063
OH,Hardin,39065
NC,Rowan,37159
OH,Mercer,39107
TX,Val Verde,48465
MN,Wilkin,27167
MO,Pettis,29159
AL,Chilton,01021
WY,Hot Springs,56017
TN,Lincoln,47103
TX,Sutton,48435
GA,Banks,13137
KS,Jackson,20085
IL,Mchenry,17111
CO,Logan,08075
MI,Livingston,26093
MN,Kandiyohi,27067
MN,Mille Lacs,27095
KS,Morton,20129
SD,Moody,46101
TN,Rhea,47143
KY,Boyle,21021
VA,Buchanan,51027
IN,Delaware,18035
OK,Sequoyah,40135
AR,Ashley,05003
VA,Mecklenburg,51117
WY,Converse,56009
MS,Clarke,28023
TN,Robertson,47147
IL,Franklin,17055
GA,Washington,13303
MN,Clearwater,27029
VA,Galax,51640
OH,Shelby,39149
KY,Allen,21003
KS,Jewell,20089
MO,Dent,29065
IL,Hardin,17069
MI,Newaygo,26123
KS,Lane,20101
MS,Prentiss,28117
NE,Colfax,31037
TX,Nolan,48353
AR,Howard,05061
CA,Tuolumne,06109
WV,Roane,54087
TN,Obion,47131
OR,Union,41061
MI,Manistee,26101
MN,Kanabec,27065
MN,Morrison,27097
KY,Grayson,21085
VA,Alleghany,51005
CO,Moffat,08081
MT,Wheatland,30107
WV,Harrison,54033
IA,Iowa,19095
MI,Gogebic,26053
NC,Polk,37149
TX,Winkler,48495
MN,Winona,27169
WV,Greenbrier,54025
VT,Addison,50001
TX,Kimble,48267
MT,Powell,30077
SD,Beadle,46005
GA,Grady,13131
ND,Grant,38059
KS,Pratt,20151
NM,Colfax,35007
TN,Perry,47135
OH,Hocking,39073
CO,Prowers,08099
KY,Rowan,21205
MN,Freeborn,27047
MD,Carroll,24013
GA,Clayton,13063
MA,Nantucket,25019
IL,Clay,17025
TX,Wilson,48493
TN,Loudon,47105
MO,Putnam,29171
OH,Wood,39095
GA,Early,13099
SD,Clay,46027
WY,Niobrara,56027
AR,Baxter,05005
CO,Lake,08065
KY,Harrison,21097
AL,Lauderdale,01077
SD,Custer,46033
UT,Garfield,49017
OH,Pickaway,39129
IA,Wapello,19179
NE,Cheyenne,31033
KS,Geary,20061
GA,Catoosa,13295
AR,Johnson,05071
TX,Hutchinson,48179
